{
  "flower": "minecraft:spawner",
  "hasHoneycomb": false,
  "traits": [],
  "maxTimeInHive": 1200,
  "baseLayerTexture": "dungeon/dungeon_bee",
  "ColorData": {
    "isBeeColored": false,
    "honeycombColor": "#2A4455",
    "modelType": "MUSHROOM"
  },
  "CentrifugeData": {
    "hasCentrifugeOutput": false
  },
  "MutationData": {
    "hasMutation": true,
    "mutationCount": 5,
    "mutations": [
      {
        "type": "BLOCK_TO_BLOCK",
        "inputID": "minecraft:cobblestone",
        "outputs": [
          {
            "outputID": "minecraft:mossy_cobblestone",
            "weight": 99
          },
          {
            "outputID": "minecraft:chest",
            "weight": 1,
            "nbtData": {
              "LootTable": "minecraft:chests/simple_dungeon"
            }
          }
        ]
      }
    ]
  },
  "SpawnData": {
    "canSpawnInWorld": true,
    "biomeWhitelist": "tag:overworld",
    "biomeBlacklist": "tag:nether",
    "spawnWeight": 8,
    "minGroupSize": 1,
    "maxGroupSize": 1,
    "maxYLevel": 45,
    "lightLevel": "NIGHT"
  },
  "BreedData": {
    "isBreedable": true,
    "feedItem": "minecraft:mossy_cobblestone",
    "feedAmount": 4
  },
  "TraitData": {
    "hasTraits": true
  }
}